nombres,apellido,fecha_Nacimiento,genero,dni,ciudad_Residencia
Paloma,Bogies,11/25/1976,F,38570923,Sheki
Almeta,Kimble,7/9/1989,F,35982674,Sanfang
Ashly,Bettesworth,1/24/1995,F,33100298,Barili
Lyon,Moulsdall,4/21/1987,M,28449785,Church End
Colleen,Tingly,5/22/1971,F,23778267,Manika
Rab,Seawright,9/4/1995,M,31858589,Ariquemes
Rozelle,Dmisek,10/24/1992,F,30523086,Lāmerd
Jennica,Summerscales,4/28/1986,F,40064959,Valinhos
Ximenez,Hardaway,8/22/1974,M,38135859,Nagaracinta
Natale,Gloucester,12/2/1978,M,26330054,Jinta
Wolfgang,Onians,9/10/1974,M,32532195,La Reforma
Paolina,Campling,12/27/1995,F,32204754,Alilem
Olva,Pavolillo,6/18/1989,F,22834300,Isla Pucú
Bil,Gobel,6/23/2000,M,28987917,Taihu
Bernadene,Hefforde,1/20/1991,F,30675367,Buchou
Padgett,Barrasse,8/13/1996,M,34247548,Nanjie
Chandal,Giovanitti,8/22/1992,F,37004413,Xuxiake
Marvin,Filppetti,6/7/1986,M,22237453,Novosel’ye
Karil,Cappleman,8/29/1994,F,32920336,Benguela
Kalila,Langfat,5/12/1980,F,23740871,København
Horatius,Deighton,4/19/1981,M,39436621,Bang Krathum
Rachel,Baden,2/10/1989,F,38006847,Puutuga
Yulma,Grealy,8/1/1992,M,25768706,Huskvarna
Ernst,Perone,7/22/1972,M,28684143,Paungde
Garold,Dungey,7/1/1980,M,27259873,Eixo
Herbert,Kenworthey,10/7/1982,M,39762915,Ávato
Ansel,Probey,12/17/1982,M,37162843,Sanguansi
Sigismondo,McFarlan,9/23/1974,M,31729171,Huangtian
Shelby,Baynham,2/14/1994,M,24171536,Jetak Kulon
Jackqueline,Conichie,1/14/1997,F,35588615,El Escanito
Dare,Hallawell,6/2/1993,M,28405528,Mende
Gennie,Barnbrook,4/8/1987,F,26650129,Tozeur
Nike,Merrison,8/2/1993,F,29892365,Damaying
Evelina,Minard,9/12/1972,F,36465266,Plaza de Caisán
Lucias,Essberger,7/25/1992,M,24466398,Halmstad
Jorrie,Wernham,3/3/1986,F,25338210,Nakonde
Marcie,Champe,2/25/1999,F,26282281,San Miguel
Brett,Kupker,3/12/1977,F,38594594,Broby
Tabb,Starmont,3/6/1987,M,34765135,Kamalaputi
Ebonee,Barehead,2/11/1984,F,32855063,Желино
Melania,Mains,1/22/1979,F,32661586,Villa Paula de Sarmiento
Brok,Di Nisco,5/31/1995,M,26193381,Itapevi
Waylan,World,4/7/1987,M,26120176,Tangyu
Ana,Woodburn,6/7/1997,F,34283029,Bečej
Milzie,Abba,1/30/1994,F,23907167,Qiongshan
Winn,Walduck,5/2/1972,M,22983592,Chengshan
Christos,Kennan,6/8/1997,M,29434483,Nepomuceno
Waiter,Penticost,6/27/1993,M,38594526,Dhībīn
Gwenora,Ashfold,5/9/1980,F,37843987,Moyamba
Berrie,Burchess,9/17/1998,F,38534574,Patiya
Virgilio,Antonsson,3/5/1991,M,34381933,Belo
Lothaire,Rainton,6/30/1975,M,22505220,Nyala
Sharon,Pollins,11/27/1989,F,41196581,Songshu
Hadrian,Goacher,8/29/1983,M,35060095,Oslo
Nance,Lamberto,9/28/1977,F,34353009,Kham Sakae Saeng
Pansie,Stubbley,4/5/1980,F,25891015,Matungao
Gilberta,Guittet,6/12/1987,F,37151204,Thị Trấn Yên Thế
Alick,Govan,8/3/1996,M,28461050,Huiyi
Maynord,MacVagh,12/5/1993,M,28846839,San Andros
Larina,Whisker,4/1/1998,F,35019810,Zhenziliang
Clarke,Polamontayne,4/23/1973,M,30212291,Fryanovo
Cherye,Sowle,5/9/1984,F,27045675,Ropice
Dominic,Williamson,6/24/1977,M,40948610,Igang
Britt,Calow,7/10/1979,M,30065383,Tapado
Pauly,Sciacovelli,10/13/1996,M,28165109,Kaavi
Lowrance,Rassmann,3/6/1982,M,25804565,Kabala
Tadeas,Loveland,3/27/1979,M,23867183,Yangchengzhuang
Janek,Fader,11/18/1987,M,23814100,Saint-Étienne
Rainer,Stilliard,2/14/1998,M,26375815,Haczów
Sonja,Callcott,4/29/1975,F,28914553,São Bartolomeu
Dyane,Gathwaite,10/18/1981,F,24584474,Tāndo Mittha Khān
Nissie,Coggan,5/15/1971,F,32452892,Masallātah
Toiboid,Pantridge,5/10/1990,M,31464035,Sayaxché
Sumner,MacPadene,8/23/1997,M,35926006,Oeoh
Simon,Cavolini,5/6/2000,M,30090724,Pirallahı
Ozzie,Coghlan,12/19/1980,M,29106039,Chelu
Candy,Purver,9/6/1982,F,31127694,Bu‘eina
Keefer,Kingsmill,8/26/1985,M,28595873,Masatepe
Shay,Bullion,12/9/1999,F,38725349,Linköping
Yoshi,Stodit,2/9/1971,F,35192004,Yijing
Guthrey,Mawby,1/24/2000,M,27177366,Burmakino
Lindsy,Elam,9/25/1978,F,28762747,Puerto Quijarro
Stormie,O Mullen,11/25/1990,F,26014614,Svetogorsk
Hyman,Atkirk,10/3/1981,M,36187358,Telsen
Noach,Coniam,12/8/1997,M,30111408,Khlong Hat
Eal,Joblin,10/3/1982,M,39045125,Matarraque
Tammy,Simo,9/23/1980,F,32438729,Ryazhsk
Mohammed,McAllaster,5/16/1975,M,31874836,Komorów
Ava,MacGorman,7/22/1995,F,22811026,Xinhe
Terry,Mussettini,11/6/1992,M,27727337,Belyayevka
Zachariah,Torrecilla,5/16/1995,M,32332837,Tres Arroyos
Idalia,Saturley,7/6/1990,F,23768422,Balogo
Raquel,Yann,6/17/1971,F,26782244,Burgersdorp
Sal,Tullis,7/14/1994,M,37891560,Gimo
Paulie,Sharp,7/3/1984,M,23385629,Lengkong
Tabbie,Millis,10/14/1992,M,26300531,Xinzha
Rouvin,Burles,7/10/2000,M,25503915,Boavista
Jere,Quantick,1/13/1989,M,33086417,Taiyang
Berkeley,MacEnelly,3/11/1972,M,25870894,Dagui
Willie,Coat,12/8/1984,M,25519588,Sanjia
